Overall Rank;Institution Name;Country;Continent;ARscore;ARrank;ISscore;ISrank;Overall Score;Y1;Y2
1;MASSACHUSETTS INSTITUTE OF TECHNOLOGY (MIT);United States;North America;100;3;95,5;77;100;-4.460189794254319 ; 0.07848480515781042 
2;STANFORD UNIVERSITY;United States;North America;100;5;70,5;190;98,6;-3.955785941503731 ; 0.8758651561647467 
3;HARVARD UNIVERSITY;United States;North America;100;1;75,7;164;98,5;-4.06424749251238 ; 0.7066517765827196 
4;CALIFORNIA INSTITUTE OF TECHNOLOGY (CALTECH);United States;North America;98,7;21;90,3;103;97,2;-4.204657602006178 ; 0.17658500027220667 
5;UNIVERSITY OF OXFORD;United Kingdom;Europe;100;4;98,8;43;96,8;-4.460111880671783 ; -0.11737394053128362 
6;UNIVERSITY OF CAMBRIDGE;United Kingdom;Europe;100;2;97,9;53;95,6;-4.405134977938326 ; -0.07627937747306447 
7;ETH ZURICH (SWISS FEDERAL INSTITUTE OF TECHNOLOGY);Switzerland;Europe;98,2;23;98,6;49;95,3;-4.316396437113079 ; -0.170850320798471 
8;IMPERIAL COLLEGE LONDON;United Kingdom;Europe;98,7;19;100;13;93,3;-4.357532354309068 ; -0.30981445750551456 
9;UNIVERSITY OF CHICAGO;United States;North America;99,6;13;82,5;136;93,2;-3.992079673017973 ; 0.4164179981825276 
10;UCL (UNIVERSITY COLLEGE LONDON);United Kingdom;Europe;99,3;14;100;16;92,9;-4.366777926641395 ; -0.2862897242049113 
11;NATIONAL UNIVERSITY OF SINGAPORE (NUS);Singapore;Asia;99,8;11;80,7;144;92;-3.9348130326624378 ; 0.4707360483065725 
12;NANYANG TECHNOLOGICAL UNIVERSITY (NTU);Singapore;Asia;90,3;38;83,5;132;91,3;-3.7079371835830934 ; 0.20368301476591916 
13;PRINCETON UNIVERSITY;United States;North America;99,9;10;69,2;196;90,9;-3.6972564621637054 ; 0.8388941036766119 
14;CORNELL UNIVERSITY;United States;North America;98,7;20;77;160;90,5;-3.7789132200710296 ; 0.5433248964514978 
15;YALE UNIVERSITY;United States;North America;99,9;9;61,2;236;89,6;-3.509819488737515 ; 1.1017672555439488 
16;COLUMBIA UNIVERSITY;United States;North America;99,7;12;96,2;72;88,5;-4.118790139331462 ; -0.07398482560365172 
17;TSINGHUA UNIVERSITY;China;Asia;97;27;29,2;440;87,2;-2.645395526245598 ; 2.229956870383752 
18;UNIVERSITY OF EDINBURGH;United Kingdom;Europe;97,3;24;98,8;45;86,9;-4.06753199517309 ; -0.27363492603697753 
19;UNIVERSITY OF PENNSYLVANIA;United States;North America;95,4;32;65,2;219;86,5;-3.3422552464382123 ; 0.8443037957378408 
20;UNIVERSITY OF MICHIGAN;United States;North America;98,9;17;49,8;291;86,4;-3.1619341766313105 ; 1.4262237830064137 
21;JOHNS HOPKINS UNIVERSITY;United States;North America;89,7;40;81,6;140;85,9;-3.503978339680317 ; 0.20475980324806317 
22;€COLE POLYTECHNIQUE F€D€RALE DE LAUSANNE (EPFL);Switzerland;Europe;72,8;76;100;12;85,8;-3.4931065065954066 ; -0.8114170870112813 
23;THE UNIVERSITY OF TOKYO;Japan;Asia;100;7;25,5;465;85,3;-2.62370328754822 ; 2.4377363822781284 
24;AUSTRALIAN NATIONAL UNIVERSITY (ANU);Australia;Oceania;97,1;26;99,5;33;84,4;-4.015235608145777 ; -0.35201534270136214 
25;UNIVERSITY OF HONG KONG (HKU);Hong Kong;Asia;96,7;28;99,4;36;84,3;-3.9928547881129726 ; -0.35096203743891385 
26;DUKE UNIVERSITY;United States;North America;88,2;46;55;260;83,9;-2.9137299982702625 ; 1.0216990585983763 
27;UNIVERSITY OF CALIFORNIA, BERKELEY (UCB);United States;North America;100;6;46,1;308;83,2;-3.0553557476708075 ; 1.5561409164736177 
28;UNIVERSITY OF TORONTO;Canada;North America;98,7;18;92,9;88;83;-3.864329253776076 ; -0.0364828200736569 
29;THE UNIVERSITY OF MANCHESTER;United Kingdom;Europe;94,6;33;98,8;46;82,9;-3.8755292565770034 ; -0.35743816947867924 
30;PEKING UNIVERSITY;China;Asia;99;16;53,8;268;82,6;-3.140959644979574 ; 1.250908243270979 
31;KING'S COLLEGE LONDON (KCL);United Kingdom;Europe;87,7;47;99,7;31;82,5;-3.7288277469807842 ; -0.536245344178124 
32;UNIVERSITY OF CALIFORNIA, LOS ANGELES (UCLA);United States;North America;100;8;42;336;81,9;-2.9211774051636876 ; 1.7027366058512707 
33;MCGILL UNIVERSITY;Canada;North America;91,4;36;96,2;73;81,7;-3.6984162728248666 ; -0.2816904681925713 
34;NORTHWESTERN UNIVERSITY;United States;North America;85;55;54,8;263;81,5;-2.7520492614284127 ; 0.9558331349044921 
35;KYOTO UNIVERSITY;Japan;Asia;98,6;22;18,2;544;81,2;-2.224584581433468 ; 2.730484456030883 
36;SEOUL NATIONAL UNIVERSITY (SNU);South Korea;Asia;96,2;30;14;601;80,6;-1.996577398303849 ; 2.93179981272839 
37;THE HONG KONG UNIVERSITY OF SCIENCE AND TECHNOLOGY (HKUST);Hong Kong;Asia;83,6;57;87,9;114;80,5;-3.2981308116384525 ; -0.14988688842035103 
38;LONDON SCHOOL OF ECONOMICS AND POLITICAL SCIENCE (LSE);United Kingdom;Europe;84,2;56;100;7;80,2;-3.616114282063624 ; -0.6964372553241929 
39;THE UNIVERSITY OF MELBOURNE;Australia;Oceania;99;15;99,9;24;80,1;-3.980747855884246 ; -0.37842530089581833 
40;KAIST - KOREA ADVANCED INSTITUTE OF SCIENCE AND TECHNOLOGY;South Korea;Asia;83,2;58;9,8;601;78,7;-1.5720104838765145 ; 2.778218396841923 
41;UNIVERSITY OF CALIFORNIA, SAN DIEGO (UCSD);United States;North America;91,7;35;70,7;189;78,6;-3.1497091402518698 ; 0.5292903891961126 
42;THE UNIVERSITY OF SYDNEY;Australia;Oceania;97,2;25;99,8;29;78,3;-3.8572495562576847 ; -0.42016965369619896 
43;NEW YORK UNIVERSITY (NYU);United States;North America;95,6;31;90,9;101;77,7;-3.5745925496916007 ; -0.07096287706524206 
44;FUDAN UNIVERSITY;China;Asia;81,8;61;39,2;353;77,6;-2.243823843341498 ; 1.437573797252219 
45;THE UNIVERSITY OF NEW SOUTH WALES (UNSW);Australia;Oceania;90,4;37;97,4;60;77;-3.578565176269083 ; -0.39931533046082085 
46;CARNEGIE MELLON UNIVERSITY;United States;North America;78,5;65;100;20;76,6;-3.3580825226641737 ; -0.7761293058189163 
47;UNIVERSITY OF BRITISH COLUMBIA;Canada;North America;96,7;29;77,7;157;75,8;-3.3112851860956907 ; 0.348415769077067 
48;THE UNIVERSITY OF QUEENSLAND (UQ);Australia;Oceania;87,3;48;97,6;57;75,7;-3.4587405054043705 ; -0.4843795978498462 
49;THE CHINESE UNIVERSITY OF HONG KONG (CUHK);Hong Kong;Asia;86,1;52;91,2;100;75,6;-3.279963195202917 ; -0.2569857938444488 
50;PSL UNIVERSITY;France;Europe;80,3;62;84,2;129;75,1;-3.0034187690699565 ; -0.132447150080882 
51;UNIVERSITY OF BRISTOL;United Kingdom;Europe;75,6;72;66,4;212;74,9;-2.5489499370908697 ; 0.37533994307877105 
52;DELFT UNIVERSITY OF TECHNOLOGY;Netherlands;Europe;69,3;83;86,7;121;73,3;-2.724262991426741 ; -0.3964707349451857 
53;UNIVERSITY OF WISCONSIN-MADISON;United States;North America;88,5;44;30,6;424;73,2;-2.081519550031695 ; 1.8934267141806802 
54;THE UNIVERSITY OF WARWICK;United Kingdom;Europe;73,8;74;99,3;37;72,9;-3.101821758308533 ; -0.8193815154265812 
55;CITY UNIVERSITY OF HONG KONG;Hong Kong;Asia;55,6;129;97,3;62;72,1;-2.512538381706689 ; -1.0487113675693147 
56;BROWN UNIVERSITY;United States;North America;62,5;104;58,3;252;72;-1.9724909401734567 ; 0.3982875426009643 
57;UNIVERSITY OF AMSTERDAM;Netherlands;Europe;79,2;64;40,3;345;71,1;-2.0273082476081714 ; 1.2977535431960414 
58;TOKYO INSTITUTE OF TECHNOLOGY;Japan;Asia;74,6;73;27,1;454;71;-1.5842799451736886 ; 1.802467206415351 
59;MONASH UNIVERSITY;Australia;Oceania;86,7;51;99;39;70,4;-3.334413936360497 ; -0.6257632507719748 
60;SHANGHAI JIAO TONG UNIVERSITY;China;Asia;77,8;69;15,6;582;70,4;-1.2971746122229308 ; 2.450017503984142 
61;TECHNISCHE UNIVERSITóT MÊNCHEN;Germany;Europe;78,1;68;63,9;222;70;-2.4252357824659905 ; 0.44819464691605376 
62;LUDWIG-MAXIMILIANS-UNIVERSITóT MÊNCHEN;Germany;Europe;90;39;38,8;357;69,4;-2.218733316626267 ; 1.530541217360578 
63;UNIVERSITY OF TEXAS AT AUSTIN;United States;North America;93,8;34;20,4;518;68,7;-1.8132148314022267 ; 2.4167232461733645 
64;RUPRECHT-KARLS-UNIVERSITóT HEIDELBERG;Germany;Europe;78,4;67;52,4;273;68;-2.1676831246944412 ; 0.807784592365159 
65;ECOLE POLYTECHNIQUE;France;Europe;46,8;163;95,8;75;67,9;-2.0910276017102785 ; -1.1962359319042888 
66;UNIVERSITY OF WASHINGTON;United States;North America;85;54;38,4;359;67,8;-2.0280226896532354 ; 1.4379964087719235 
67;OSAKA UNIVERSITY;Japan;Asia;79,4;63;15,5;584;67,7;-1.2637016633011995 ; 2.466264360439652 
68;ZHEJIANG UNIVERSITY;China;Asia;65,6;95;45,1;313;67,5;-1.6848725068799961 ; 0.8489852281289376 
69;GEORGIA INSTITUTE OF TECHNOLOGY (GEORGIA TECH);United States;North America;73,5;75;70,9;187;67,4;-2.3787835067478125 ; 0.1170396282849888 
70;UNIVERSITY OF GLASGOW;United Kingdom;Europe;70,4;80;96,7;68;67,4;-2.7835685084983792 ; -0.778121385519233 
71;UNIVERSITY OF ILLINOIS AT URBANA-CHAMPAIGN;United States;North America;89,1;42;70;191;67;-2.7409193333923967 ; 0.4002984679070036 
72;NATIONAL TAIWAN UNIVERSITY (NTU);Taiwan;Asia;88,6;43;19,8;529;66,3;-1.5957310492011103 ; 2.3587701244965418 
73;UNIVERSIDAD DE BUENOS AIRES;Argentina;South America;86,1;53;68,5;199;66,2;-2.6002264674738242 ; 0.38628044636182873 
74;DURHAM UNIVERSITY;United Kingdom;Europe;57,1;122;87,5;117;65,7;-2.1813748921397162 ; -0.7203708275885404 
75;SORBONNE UNIVERSITY;France;Europe;88,4;45;54,6;264;64,8;-2.3681447067399355 ; 0.8778642055418484 
76;THE UNIVERSITY OF SHEFFIELD;United Kingdom;Europe;61;109;94,2;85;64,8;-2.39299618953033 ; -0.8770595927277464 
77;TOHOKU UNIVERSITY;Japan;Asia;68,7;85;18,2;545;64,3;-0.997525597872263 ; 2.0914600886682284 
78;UNIVERSITY OF ZURICH;Switzerland;Europe;55,6;130;59,2;247;63,6;-1.5473292415458444 ; 0.15380357771546307 
79;UNIVERSITY OF BIRMINGHAM;United Kingdom;Europe;63,6;100;88,2;113;63,5;-2.3195606058216693 ; -0.64001128473226 
80;UNIVERSITY OF COPENHAGEN;Denmark;Europe;67,2;87;28;447;63,5;-1.213196132149295 ; 1.5795504686475375 
81;KATHOLIEKE UNIVERSITEIT LEUVEN;Belgium;Europe;76,5;71;39,8;350;63,4;-1.724066392768743 ; 1.207257557306205 
82;THE UNIVERSITY OF NOTTINGHAM;United Kingdom;Europe;61,3;108;83,8;131;63,1;-2.1641861010762558 ; -0.5507304760155168 
83;POHANG UNIVERSITY OF SCIENCE AND TECHNOLOGY (POSTECH);South Korea;Asia;38,7;199;5,4;601;63;0.1665049270806515 ; 1.8872310491310509 
84;UNIVERSITY OF NORTH CAROLINA, CHAPEL HILL;United States;North America;68,1;86;12,7;601;63;-0.791851304895339 ; 2.344583200610802 
85;THE UNIVERSITY OF AUCKLAND;New Zealand;Oceania;82,7;60;91,3;95;62,8;-2.8396948702926355 ; -0.44461908385510773 
86;KOREA UNIVERSITY;South Korea;Asia;66,7;91;44,2;321;62,7;-1.5578979424182802 ; 0.8697800865112619 
87;RICE UNIVERSITY;United States;North America;38,7;198;85,3;124;62,6;-1.4915290984450884 ; -1.0684109418156666 
88;UNIVERSITI MALAYA (UM);Malaysia;Asia;63,9;99;61,2;237;62,6;-1.8035416723432747 ; 0.24288293508395442 
89;OHIO STATE UNIVERSITY;United States;North America;64,8;97;41,2;339;62,4;-1.4334790042444838 ; 0.9427069588110919 
90;LOMONOSOV MOSCOW STATE UNIVERSITY;Russia;Asia;71,3;79;73,1;173;62,3;-2.2285741396299814 ; -0.04675776128918116 
91;THE UNIVERSITY OF WESTERN AUSTRALIA (UWA);Australia;Oceania;60;112;94,7;81;62,2;-2.303971073439996 ; -0.9399314176198825 
92;LUND UNIVERSITY;Sweden;Europe;67,2;88;71,8;181;62,1;-2.0919726790526436 ; -0.06814800865985457 
93;BOSTON UNIVERSITY;United States;North America;62,4;105;87;119;62;-2.2169564832283934 ; -0.6374848725268579 
94;UNIVERSITY OF LEEDS;United Kingdom;Europe;67,1;89;81,6;141;62;-2.2568855652699247 ; -0.37837259291357256 
95;PENNSYLVANIA STATE UNIVERSITY;United States;North America;77,7;70;40,3;344;61,9;-1.7227493143676413 ; 1.1829134364070482 
96;UNIVERSITY OF SOUTHAMPTON;United Kingdom;Europe;53,1;136;89,4;108;61,6;-1.9848802665514367 ; -0.8975141996912958 
97;UNIVERSITY OF ST ANDREWS;United Kingdom;Europe;43,2;181;99,9;25;61,4;-1.9164638584862372 ; -1.5644758019422063 
98;UNIVERSITY OF SCIENCE AND TECHNOLOGY OF CHINA;China;Asia;53,7;135;5,9;601;60,8;-0.2443259058172364 ; 2.1754319027739157 
99;EINDHOVEN UNIVERSITY OF TECHNOLOGY;Netherlands;Europe;29,7;275;47,5;302;59,8;-0.3139583475284495 ; -0.11348278212164889 
100;PURDUE UNIVERSITY;United States;North America;65,7;92;69,2;195;59,5;-1.9268340334555218 ; -0.026077513999847337 
101;SUNGKYUNKWAN UNIVERSITY;South Korea;Asia;55;132;34;396;59,5;-0.8909566446898219 ; 1.033611820315883 
102;UNIVERSITY OF CALIFORNIA, DAVIS (UCD);United States;North America;71,4;78;49,5;292;59,5;-1.6995050271582293 ; 0.7378879703105214 
103;WASHINGTON UNIVERSITY IN ST. LOUIS;United States;North America;43,4;179;60,1;242;59,5;-1.0775621049143658 ; -0.16566279275280713 
104;KTH, ROYAL INSTITUTE OF TECHNOLOGY;Sweden;Europe;45,5;170;42,6;331;59,3;-0.7991736654268056 ; 0.4769735532989878 
105;TRINITY COLLEGE DUBLIN (TCD);Ireland;Europe;58,8;117;91,2;96;59,3;-2.121882516747922 ; -0.8790883619275911 
106;THE HONG KONG POLYTECHNIC UNIVERSITY;Hong Kong;Asia;58;120;78,6;155;59,1;-1.857601618874636 ; -0.4803805758121464 
107;YONSEI UNIVERSITY;South Korea;Asia;59,8;114;38;363;58,9;-1.1156717184617322 ; 0.948773090675565 
108;UNIVERSITY OF GENEVA;Switzerland;Europe;48;157;98,6;47;58,4;-1.939687785420141 ; -1.390477333357449 
109;UNIVERSITY OF ALBERTA;Canada;North America;56,9;124;81,3;142;58,1;-1.847898595153381 ; -0.6012717778910328 
110;UNIVERSITY OF HELSINKI;Finland;Europe;61,7;106;8,2;601;57,9;-0.4212196568426864 ; 2.2647192992276923 
111;NAGOYA UNIVERSITY;Japan;Asia;60,9;110;21;507;57,3;-0.6748437095615568 ; 1.7144596179789802 
112;TECHNICAL UNIVERSITY OF DENMARK;Denmark;Europe;27,8;303;79,4;150;57,1;-0.7199837796996453 ; -1.2824779957533197 
113;UNIVERSIDAD NACIONAL AUTÓNOMA DE M€XICO (UNAM);Mexico;North America;89,3;41;3,9;601;56,8;-1.053438759106139 ; 2.8059474748835664 
114;THE UNIVERSITY OF ADELAIDE;Australia;Oceania;56,8;125;99;40;56,6;-2.1634815707506183 ; -1.2610932492927627 
115;UNIVERSITY OF SOUTHERN CALIFORNIA;United States;North America;57;123;87,1;118;56,2;-1.9015054056483047 ; -0.7967465024240876 
116;KIT, KARLSRUHER INSTITUT FÊR TECHNOLOGIE;Germany;Europe;46;167;63,3;227;55,9;-1.1189531326701778 ; -0.24628075721078307 
117;UPPSALA UNIVERSITY;Sweden;Europe;63,3;101;45,3;311;55,8;-1.2982061382309904 ; 0.6957556582827623 
118;UNIVERSIDADE DE S’O PAULO (USP);Brazil;South America;87,2;49;4,3;601;55,5;-0.9581011424953283 ; 2.744673440372368 
119;QUEEN MARY UNIVERSITY OF LONDON (QMUL);United Kingdom;Europe;50;149;99,5;32;55,4;-1.95089768768143 ; -1.4383494029605097 
120;UNIVERSITY OF GRONINGEN;Netherlands;Europe;47,7;158;99,4;35;55,2;-1.8696089814174484 ; -1.4759513690931831 
121;HUMBOLDT-UNIVERSITóT ZU BERLIN;Germany;Europe;86,9;50;36,9;372;55,1;-1.677390835096196 ; 1.4253624378969743 
122;LEIDEN UNIVERSITY;Netherlands;Europe;65,1;96;43,3;325;55;-1.2786992313687817 ; 0.8012267193511482 
123;NANJING UNIVERSITY;China;Asia;58,5;119;16,3;572;55;-0.376722935799593 ; 1.9324291027427662 
124;UTRECHT UNIVERSITY;Netherlands;Europe;59,8;113;25,1;468;54,5;-0.6766209551611648 ; 1.47438999261479 
125;WAGENINGEN UNIVERSITY;Netherlands;Europe;37,3;211;86,6;122;54,4;-1.2124842900374935 ; -1.215741834295664 
126;KYUSHU UNIVERSITY;Japan;Asia;54,8;133;21,5;504;54,1;-0.41309200761918685 ; 1.5453606096235872 
127;UNIVERSITY OF MARYLAND, COLLEGE PARK;United States;North America;54,8;134;29;441;54,1;-0.5980381071052537 ; 1.2104128673810706 
128;CHALMERS UNIVERSITY OF TECHNOLOGY;Sweden;Europe;28,8;290;56,1;257;53,6;-0.24651672705128808 ; -0.5096570659152609 
129;HOKKAIDO UNIVERSITY;Japan;Asia;55,5;131;14,6;601;53,6;-0.1778552729455967 ; 1.9786899189103706 
130;FREIE UNIVERSITóT BERLIN;Germany;Europe;78,4;66;50,5;289;53,4;-1.70927726224132 ; 0.7658855222263727 
131;LANCASTER UNIVERSITY;United Kingdom;Europe;38,8;197;98,1;51;53;-1.4854076945179144 ; -1.612419649245583 
132;PONTIFICIA UNIVERSIDAD CATÓLICA DE CHILE;Chile;South America;83;59;5,1;601;52,9;-0.7847168952991405 ; 2.634989703982753 
133;UNIVERSITY OF CALIFORNIA, SANTA BARBARA (UCSB);United States;North America;64,6;98;20,8;508;52,9;-0.6508454602380368 ; 1.752609523367759 
134;UNIVERSITY OF YORK;United Kingdom;Europe;42,9;182;68,2;200;52,4;-1.0163082299244872 ; -0.5207020760338439 
135;UNIVERSITY OF OSLO;Norway;Europe;49,2;151;36,5;375;51,9;-0.5738985301267562 ; 0.7455637010598009 
136;UNIVERSITY OF PITTSBURGH;United States;North America;44,5;176;22,6;490;51,8;-0.06513400637504646 ; 1.2462012868149601 
137;CENTRALESUP€LEC;France;Europe;17,4;473;90,6;102;51,5;-0.07600249918010081 ; -2.1775412293421317 
138;UNIVERSITY OF GHENT;Belgium;Europe;48,9;152;20,3;521;51,3;-0.12555022488288978 ; 1.4836066760115436 
139;UNIVERSITY OF BERN;Switzerland;Europe;28,8;288;48,3;298;51,1;-0.028355631967137515 ; -0.2559138320811243 
140;AALTO UNIVERSITY;Finland;Europe;36,4;216;39,4;352;50,8;-0.18383314801371708 ; 0.31860034413875393 
141;AARHUS UNIVERSITY;Denmark;Europe;49,6;150;23,7;478;50,7;-0.2375688322144059 ; 1.2961630894661855 
142;MICHIGAN STATE UNIVERSITY;United States;North America;61,4;107;42,7;329;50,7;-1.042026087808959 ; 0.7189255264696174 
143;NEWCASTLE UNIVERSITY;United Kingdom;Europe;38,8;196;79,1;153;50,7;-1.0465332334681743 ; -0.9627997816701505 
144;RHEINISCH-WESTFóLISCHE TECHNISCHE HOCHSCHULE AACHEN;Germany;Europe;56,4;126;64,9;221;50,4;-1.3050544025867252 ; -0.1304976478211957 
145;CARDIFF UNIVERSITY;United Kingdom;Europe;47,5;159;79,8;147;50,3;-1.323958974691979 ; -0.814168155617333 
146;MCMASTER UNIVERSITY;Canada;North America;39,5;193;42;335;50,1;-0.34563535540046825 ; 0.29826535824050526 
147;TECHNISCHE UNIVERSITóT BERLIN;Germany;Europe;52,3;140;60,3;240;49,9;-1.0917062131200146 ; -0.06972557960653195 
148;EMORY UNIVERSITY;United States;North America;27,2;310;47,4;303;49,6;0.12590353979257862 ; -0.30331326042495205 
149;UNIVERSIT€ DE MONTR€AL;Canada;North America;52,9;138;68;201;49,5;-1.2460686926824294 ; -0.3252525894807824 
150;UNIVERSITY OF LAUSANNE;Switzerland;Europe;33,4;244;72,7;175;49,5;-0.6666087088403432 ; -0.9536943248174021 
151;HANYANG UNIVERSITY;South Korea;Asia;43,5;178;37,3;370;49,4;-0.33462689217353037 ; 0.5671124883060644 
152;UNIVERSITY OF LIVERPOOL;United Kingdom;Europe;40;191;94,6;83;49,4;-1.33124878126866 ; -1.4536298361227766 
153;€COLE NORMALE SUP€RIEURE DE LYON;France;Europe;37,5;208;26,3;459;49,2;0.14049212208611075 ; 0.9068946985599013 
154;HEBREW UNIVERSITY OF JERUSALEM;Israel;Asia;40,1;189;13,8;601;49,1;0.4162335341447418 ; 1.6452415094366937 
155;UNIVERSITY OF EXETER;United Kingdom;Europe;36,5;215;83,3;133;49,1;-0.9818467195920096 ; -1.1850198859711787 
156;POLITECNICO DI MILANO;Italy;Europe;57,1;121;44,3;320;48,7;-0.896186748914219 ; 0.5623056253910763 
157;UNIVERSITY OF MINNESOTA;United States;North America;66,9;90;21,5;505;48,7;-0.6109380623493853 ; 1.7380710053993271 
158;UNIVERSITY OF BATH;United Kingdom;Europe;35,5;221;91,2;98;48,6;-1.0753111580732568 ; -1.4693310434366094 
159;UNIVERSIDAD AUTÓNOMA DE MADRID;Spain;Europe;63,2;102;25,7;462;48,5;-0.6192595837926076 ; 1.456369954821899 
160;UNIVERSITY OF BASEL;Switzerland;Europe;29,9;273;84,7;125;48,4;-0.6987399343891049 ; -1.4452943892277021 
161;UNIVERSITY OF TECHNOLOGY SYDNEY (UTS);Australia;Oceania;41,3;187;94,4;84;48,4;-1.3351721777019079 ; -1.4314717044391614 
162;INDIAN INSTITUTE OF TECHNOLOGY BOMBAY (IITB);India;Asia;52,5;139;1,8;601;48,2;0.1901938695890354 ; 2.1186662288992144 
163;NATIONAL TSING HUA UNIVERSITY;Taiwan;Asia;44,5;175;17,9;549;48;0.19097833742884968 ; 1.4829004865528166 
164;UNIVERSITY OF WATERLOO;Canada;North America;38;203;83,9;130;48;-1.0251196180239215 ; -1.1714096271417669 
165;UNIVERSIT€ CATHOLIQUE DE LOUVAIN (UCL);Belgium;Europe;48,6;154;52,3;274;47,9;-0.7816327159491759 ; 0.09222185388226811 
166;UNIVERSITAT DE BARCELONA (UB);Spain;Europe;69,9;81;32,7;406;47,8;-0.9570298758639234 ; 1.2734276986572186 
167;SCUOLA SUPERIORE SANT'ANNA PISA;Italy;Europe;14,9;501;46,1;309;47,7;0.9866608502786066 ; -0.8342281030339842 
168;EBERHARD KARLS UNIVERSITóT TÊBINGEN;Germany;Europe;45,1;172;35,9;381;47,6;-0.2974030684262029 ; 0.6431187666632809 
169;UNIVERSITY OF CALIFORNIA, IRVINE (UCI);United States;North America;46,1;166;84,6;126;47,5;-1.284929077476282 ; -1.0247576727718688 
170;INDIAN INSTITUTE OF SCIENCE (IISC) BANGALORE;India;Asia;35;227;2;601;47,1;0.8035208140539707 ; 1.706855138496745 
171;UNIVERSITY OF BERGEN;Norway;Europe;30,8;261;14,5;601;46,8;0.8572175034488767 ; 1.3460346870825382 
172;INDIAN INSTITUTE OF TECHNOLOGY DELHI (IITD);India;Asia;46,8;162;1,6;601;46,6;0.41162612071287424 ; 1.9907320249011449 
173;UNIVERSITY OF ABERDEEN;United Kingdom;Europe;28,6;293;96,5;69;46,6;-0.7867692224727306 ; -1.9119062824095479 
174;UNIVERSITY OF TWENTE;Netherlands;Europe;21,5;381;77,1;159;46,6;-0.03885919171650089 ; -1.5469649797062306 
175;SCUOLA NORMALE SUPERIORE DI PISA;Italy;Europe;19;428;23,3;482;46,4;1.2747348352411303 ; 0.3153081976320546 
176;UNIVERSITóT WIEN;Austria;Europe;60,8;111;93,4;87;46,4;-1.8502559440954982 ; -1.0245311400758796 
177;UNIVERSITY OF OTAGO;New Zealand;Oceania;48,6;155;65,6;215;46,4;-0.9785068579965721 ; -0.3527651885879665 
178;TECNOLÓGICO DE MONTERREY (ITESM);Mexico;North America;33,2;246;22,2;494;46,2;0.5198911804950361 ; 0.9311342935011474 
179;ERASMUS UNIVERSITY ROTTERDAM;Netherlands;Europe;34,1;234;71,6;182;46,1;-0.5886390207520459 ; -0.9117942612267937 
180;QUEEN'S UNIVERSITY OF BELFAST;United Kingdom;Europe;27,3;308;96,9;65;45,9;-0.7102655325769179 ; -1.9855025284153307 
181;UNIVERSITè DI BOLOGNA (UNIBO);Italy;Europe;72,1;77;14,6;601;45,9;-0.42899346076240397 ; 2.2256224021329856 
182;UNIVERSITY OF FLORIDA;United States;North America;48,2;156;17,8;550;45,9;0.12858480375480655 ; 1.5544183758688752 
183;DARTMOUTH COLLEGE;United States;North America;21,9;376;37,4;368;45,8;0.7416135924831269 ; -0.15588268699712102 
184;UNIVERSITI KEBANGSAAN MALAYSIA (UKM);Malaysia;Asia;47,4;160;38,4;358;45,5;-0.3820047602643829 ; 0.5609036649273064 
185;UNIVERSITY OF ROCHESTER;United States;North America;24,4;336;89,3;109;45,5;-0.40729314293018537 ; -1.8069756743437744 
186;CASE WESTERN RESERVE UNIVERSITY;United States;North America;20,6;394;72,2;180;45,4;0.13758981128016512 ; -1.440135558372261 
187;UNIVERSITóT FREIBURG;Germany;Europe;50,1;148;45,9;310;45,4;-0.6267573246405256 ; 0.33097552169183975 
188;VRIJE UNIVERSITEIT BRUSSEL (VUB);Belgium;Europe;24,2;338;65,4;217;45,2;0.049482322854044095 ; -1.0382129331451735 
189;KING FAHD UNIVERSITY OF PETROLEUM & MINERALS (KFUPM);Saudi Arabia;Asia;24,4;335;35,9;382;45,1;0.6360285433122441 ; 0.02664391626745128 
190;UNIVERSITY OF COLORADO AT BOULDER;United States;North America;37,5;207;15,7;578;45;0.5736814939673384 ; 1.4336686029533443 
191;TECHNISCHE UNIVERSITóT DRESDEN;Germany;Europe;33,4;243;36,4;376;44,9;0.19088147978448403 ; 0.30231259457952003 
192;UNIVERSITY OF VIRGINIA;United States;North America;38,6;201;17;559;44,8;0.49479392968659425 ; 1.3756648899369577 
193;UNIVERSITAT AUTÓNOMA DE BARCELONA;Spain;Europe;63;103;28,3;445;44,7;-0.5617150732304204 ; 1.3177561209396418 
194;UNIVERSITY COLLEGE DUBLIN (UCD);Ireland;Europe;42,4;184;65,1;220;44,7;-0.7157168292794447 ; -0.4795714271880396 
195;UNIVERSITY OF READING;United Kingdom;Europe;33,6;240;91,2;97;44,4;-0.8673861798473349 ; -1.5728385532427684 
196;VANDERBILT UNIVERSITY;United States;North America;29,1;281;36;380;44,4;0.40692855583228665 ; 0.18461180762502352 
197;GEORG-AUGUST-UNIVERSITóT GƒTTINGEN;Germany;Europe;50,1;147;27,5;449;44,3;-0.16447787042993506 ; 1.0925393013462363 
198;KEIO UNIVERSITY;Japan;Asia;51,1;146;11,1;601;44,1;0.2546612609475026 ; 1.8759964555504103 
199;TECHNISCHE UNIVERSITóT WIEN;Austria;Europe;30,3;267;91,4;94;44;-0.7231711518216798 ; -1.6866845216701816 
200;STOCKHOLM UNIVERSITY;Sweden;Europe;51,8;143;17,5;554;43,9;0.08982162002579154 ; 1.6256477054352805 
201;UNIVERSITY OF CAPE TOWN;South Africa;Africa;45,6;169;44,8;314;43,9;-0.4201907714322304 ; 0.2516850138327928 
202;UNIVERSITI PUTRA MALAYSIA (UPM);Malaysia;Asia;41;188;74,4;170;43,8;-0.8366973928928556 ; -0.8398962854263179 
203;TEXAS A&M UNIVERSITY;United States;North America;59,1;115;14,5;601;43,5;-0.00478688839355079 ; 1.9691350949142774 
204;RADBOUD UNIVERSITY NIJMEGEN;Netherlands;Europe;29,4;279;28,4;444;43,3;0.6172684581974274 ; 0.5205433142882406 
205;UNIVERSIDADE ESTADUAL DE CAMPINAS (UNICAMP);Brazil;South America;65,6;93;5,1;601;43,3;-0.08596874027294221 ; 2.269117959215718 
206;UNIVERSIDAD COMPLUTENSE DE MADRID (UCM);Spain;Europe;65,6;94;29,5;433;43,2;-0.6276440588108219 ; 1.2959129977577468 
207;UNIVERSITI SAINS MALAYSIA (USM);Malaysia;Asia;45,9;168;37,5;367;43;-0.23475817965532406 ; 0.5480992966936733 
208;NATIONAL CHIAO TUNG UNIVERSITY;Taiwan;Asia;26,7;312;43;328;42,6;0.4290206512429581 ; -0.21636281953936176 
209;UNIVERSIDAD DE CHILE;Chile;South America;68,8;84;8,3;601;42,6;-0.18636947423235037 ; 2.260450284587056 
210;WASEDA UNIVERSITY;Japan;Asia;56,1;127;34,5;390;42,6;-0.4629766403663485 ; 0.8811307361315266 
211;MAASTRICHT UNIVERSITY;Netherlands;Europe;21,8;377;100;15;42,5;-0.4300814488519003 ; -2.4397806996097784 
212;ARIZONA STATE UNIVERSITY;United States;North America;41,6;186;61,6;233;42,3;-0.5674433799884208 ; -0.4091931827832043 
213;UNIVERSITY OF NOTRE DAME;United States;North America;30,3;266;20,8;509;42,3;0.7834604926466868 ; 0.8911738742768455 
214;UNIVERSITY OF ILLINOIS, CHICAGO (UIC);United States;North America;46,4;165;37,7;364;42;-0.23180325009585995 ; 0.5388290216466428 
215;UNIVERSITY OF NEWCASTLE;Australia;Oceania;31,2;259;82,3;138;42;-0.5345609785777342 ; -1.371322616388924 
216;WESTERN UNIVERSITY;Canada;North America;29,7;274;51,9;281;42;0.10475973158306964 ; -0.4146207057960424 
217;SAPIENZA - UNIVERSITè DI ROMA;Italy;Europe;69,9;82;9,5;601;41,8;-0.20293962886700478 ; 2.2483237487076044 
218;LOUGHBOROUGH UNIVERSITY;United Kingdom;Europe;28,8;287;76,1;163;41,4;-0.28290488697491756 ; -1.2727330068550835 
219;UNIVERSITY OF WOLLONGONG;Australia;Oceania;28,3;295;86,9;120;41,4;-0.4386600978317397 ; -1.6298102827696088 
220;AL-FARABI KAZAKH NATIONAL UNIVERSITY;Kazakhstan;Asia;33,4;245;23;487;41,3;0.6315357610077827 ; 0.8562048421759703 
221;SCIENCES PO PARIS;France;Europe;25;329;99;41;41;-0.5310130440021861 ; -2.213756778095781 
222;VICTORIA UNIVERSITY OF WELLINGTON;New Zealand;Oceania;43,6;177;59,5;244;41;-0.5531887211365502 ; -0.3044043431600686 
223;UNIVERSITóT HAMBURG;Germany;Europe;44,8;174;25,2;467;40,9;0.16513162965017053 ; 1.0392637085511693 
224;UNIVERSITY OF ANTWERP;Belgium;Europe;22,6;365;42,7;330;40,9;0.714010614733171 ; -0.38235701947911743 
225;UNIVERSITY OF LEICESTER;United Kingdom;Europe;23,6;348;91,2;99;40,9;-0.2645858633361493 ; -1.9489314147434333 
226;GEORGETOWN UNIVERSITY;United States;North America;35,1;225;46,4;306;40,8;-0.003273620019121162 ; -0.07591197189309085 
227;UNIVERSITY OF SUSSEX;United Kingdom;Europe;29;285;98;52;40,7;-0.6953741544028843 ; -2.021837262761247 
228;UNIVERSITI TEKNOLOGI MALAYSIA (UTM);Malaysia;Asia;30,1;269;58,8;251;40,5;0.0006583262389932913 ; -0.6333502179424111 
229;UNIVERSITY OF CALGARY;Canada;North America;33,4;241;61,6;234;40,4;-0.198445270199897 ; -0.6390478995862777 
230;TEL AVIV UNIVERSITY;Israel;Asia;34,3;233;6,7;601;40,3;0.977003758481771 ; 1.5374218549774097 
231;KING ABDUL AZIZ UNIVERSITY (KAU);Saudi Arabia;Asia;24,9;330;63,9;223;40;0.1867177120964234 ; -1.0119667258103298 
232;UNIVERSITY OF CANTERBURY;New Zealand;Oceania;35,6;220;66,9;209;40;-0.3883035864726376 ; -0.7469252677911601 
233;VRIJE UNIVERSITEIT AMSTERDAM;Netherlands;Europe;38,6;200;14,9;594;40;0.7104024439709247 ; 1.4816154386706184 
234;NATIONAL CHENG KUNG UNIVERSITY;Taiwan;Asia;37,8;205;29,4;435;39,4;0.3297028564654233 ; 0.699337657476836 
235;SAINT-PETERSBURG STATE UNIVERSITY;Russia;Asia;35,3;223;31,8;412;39,2;0.369483625848906 ; 0.5138834929321736 
236;ROYAL HOLLOWAY UNIVERSITY OF LONDON;United Kingdom;Europe;19,3;422;97,9;54;39,1;-0.06744159425947437 ; -2.437913935328884 
237;AMERICAN UNIVERSITY OF BEIRUT (AUB);Lebanon;Asia;21,1;387;67,8;202;39;0.37370739916668017 ; -1.325761000519858 
238;TUFTS UNIVERSITY;United States;North America;19,8;412;41,4;337;39;0.9819973725253145 ; -0.48764837361421876 
239;QUEEN'S UNIVERSITY;Canada;North America;33,7;238;23,7;480;38,9;0.6542289248715017 ; 0.819216804962608 
240;UNIVERSIT€ LIBRE DE BRUXELLES (ULB);Belgium;Europe;31,3;257;91,7;92;38,9;-0.6330132741515726 ; -1.7098684865411025 
241;UNIVERSIT€ PARIS-SUD 11;France;Europe;29;284;43,8;323;38,9;0.392622942454785 ; -0.1915898877221691 
242;UNIVERSIDAD DE NAVARRA;Spain;Europe;33;249;60,1;241;38,8;-0.09458476026049446 ; -0.6255636876572656 
243;UNIVERSITY OF MIAMI;United States;North America;21,1;388;41,2;341;38,8;0.9029409408454905 ; -0.406434624908345 
244;NOVOSIBIRSK STATE UNIVERSITY;Russia;Asia;28,6;292;51,2;285;38,7;0.2852026752301273 ; -0.4700962423015857 
245;QUEENSLAND UNIVERSITY OF TECHNOLOGY (QUT);Australia;Oceania;39,9;192;42,3;334;38,7;-0.03799405055892003 ; 0.1962023414616527 
246;UNIVERSITY OF ARIZONA;United States;North America;40,1;190;18,2;543;38,5;0.5729850342284702 ; 1.2905109170332836 
247;TECHNION - ISRAEL INSTITUTE OF TECHNOLOGY;Israel;Asia;31,5;255;9,9;601;38,4;1.1133118132029314 ; 1.379833332037856 
248;UNIVERSITY OF SURREY;United Kingdom;Europe;23,7;346;97,2;63;38,3;-0.324031229705939 ; -2.1887202332419196 
249;UNIVERSITè DEGLI STUDI DI PADOVA (UNIPD);Italy;Europe;52,2;141;6,4;601;38,2;0.4363082424595444 ; 1.9363229027990756 
250;CURTIN UNIVERSITY;Australia;Oceania;30;271;59,2;248;38;0.06974233286710124 ; -0.6774891212616979 
251;MACQUARIE UNIVERSITY;Australia;Oceania;30,2;268;91,5;93;38;-0.551192497797963 ; -1.7477494294105202 
252;RMIT UNIVERSITY;Australia;Oceania;33,9;237;89,8;106;38;-0.6700744977892974 ; -1.5654101373186053 
253;TECHNISCHE UNIVERSITóT DARMSTADT;Germany;Europe;20,5;399;59,5;245;37,9;0.6126194763812611 ; -1.0814164767927952 
254;UNIVERSIDAD CARLOS III DE MADRID;Spain;Europe;34,4;232;14,9;593;37,9;0.9397559316077023 ; 1.341154565016597 
255;RHEINISCHE FRIEDRICH-WILHELMS-UNIVERSITóT BONN;Germany;Europe;46,6;164;27,6;448;37,7;0.134854398266397 ; 0.9511489067269027 
256;KING SAUD UNIVERSITY (KSU);Saudi Arabia;Asia;25,1;327;11,8;601;37,6;1.4443151292109706 ; 1.1060197626833514 
257;NATIONAL TAIWAN UNIVERSITY OF SCIENCE AND TECHNOLOGY;Taiwan;Asia;23,4;353;31,7;414;37,5;1.021647166786806 ; 0.08557354885946246 
258;WUHAN UNIVERSITY;China;Asia;37,4;209;12,5;601;37,5;0.8672740792022882 ; 1.492366639108973 
259;UNIVERSITY OF MASSACHUSETTS, AMHERST;United States;North America;44,8;173;15,7;579;37,3;0.5576333651717991 ; 1.5293268374920845 
260;NATIONAL UNIVERSITY OF IRELAND, GALWAY (NUIG);Ireland;Europe;20,5;398;59,1;250;37,1;0.6452455817470251 ; -1.0635689525624994 
261;UNIVERSITóT STUTTGART;Germany;Europe;26,7;313;62,8;229;37,1;0.20784078694790845 ; -0.9405225165561595 
262;UNIVERSITY OF TSUKUBA;Japan;Asia;34,9;228;33,7;398;37,1;0.4067403455968372 ; 0.4015486561996529 
263;ECOLE DES PONTS PARISTECH;France;Europe;10;501;100;21;37;0.3163943671592901 ; -2.8771667509721475 
264;INDIAN INSTITUTE OF TECHNOLOGY MADRAS (IITM);India;Asia;35,2;224;1,6;601;36,7;1.08996948759369 ; 1.6316858342464902 
265;KYUNG HEE UNIVERSITY;South Korea;Asia;23,8;344;35,4;385;36,7;0.9217391053394004 ; -0.05522636398211143 
266;SIMON FRASER UNIVERSITY;Canada;North America;22,7;362;91,8;91;36,7;-0.10836882584894217 ; -2.0623284057091187 
267;UNIVERSITY OF SOUTH AUSTRALIA (UNISA);Australia;Oceania;23,8;345;72,6;176;36,7;0.17127508820468126 ; -1.3929879768044888 
268;UNIVERSITY OF STRATHCLYDE;United Kingdom;Europe;25,5;326;79,6;148;36,6;-0.03501161327470435 ; -1.5495936087958184 
269;UNIVERSITY OF EAST ANGLIA (UEA);United Kingdom;Europe;20,2;406;84,4;127;36,4;0.21442426663704411 ; -1.940552120873513 
270;UNIVERSITY OF GOTHENBURG;Sweden;Europe;34,6;231;27,4;450;36,4;0.5970768541467208 ; 0.6621157111450031 
271;CHULALONGKORN UNIVERSITY;Thailand;Asia;58,6;118;3,3;601;36,3;0.33569504403226036 ; 2.103874401787036 
272;UNIVERSIDAD DE LOS ANDES COLOMBIA;Colombia;South America;51,6;144;3;601;36,1;0.5517307582889482 ; 1.9681298528449842 
273;UNIVERSITY OF DUNDEE;United Kingdom;Europe;18,4;447;63,6;225;36,1;0.7638233565151723 ; -1.3632979590421994 
274;UNIVERSITY OF WAIKATO;New Zealand;Oceania;18,3;448;80,4;146;36;0.4577168641947429 ; -1.9238498236624375 
275;UNIVERSIDAD NACIONAL DE COLOMBIA;Colombia;South America;58,9;116;1,6;601;35,9;0.35356714800981753 ; 2.1401914092018814 
276;UNIVERSITAT POLIT_CNICA DE CATALUNYA;Spain;Europe;36;219;29,5;431;35,9;0.49527152272049124 ; 0.6028940347944688 
277;HONG KONG BAPTIST UNIVERSITY (HKBU);Hong Kong;Asia;15,8;501;89,7;107;35,8;0.4978508772408423 ; -2.3627603119621696 
278;TOMSK STATE UNIVERSITY;Russia;Asia;19,2;424;82,9;134;35,8;0.33010933128416914 ; -1.946898345300429 
279;DALHOUSIE UNIVERSITY;Canada;North America;19,1;426;76,9;161;35,7;0.4505433069133418 ; -1.7582729527023695 
280;NORTH CAROLINA STATE UNIVERSITY;United States;North America;32;254;38,3;362;35,7;0.465476556951275 ; 0.10265317688212659 
281;UNIVERSITóT FRANKFURT AM MAIN;Germany;Europe;48,6;153;36,1;379;35,7;-0.08671165240524623 ; 0.6112296562395622 
282;UNIVERSITóT INNSBRUCK;Austria;Europe;20;409;99,2;38;35,7;-0.06311523558153412 ; -2.504726469184604 
283;INDIAN INSTITUTE OF TECHNOLOGY KANPUR (IITK);India;Asia;32,5;252;1,4;601;35,6;1.2549580012221433 ; 1.5333789508546982 
284;RUTGERS - THE STATE UNIVERSITY OF NEW JERSEY, NEW BRUNSWICK;United States;North America;39,4;194;25,6;464;35,6;0.46556352857884575 ; 0.8683850160213857 
285;HARBIN INSTITUTE OF TECHNOLOGY;China;Asia;22,1;374;11,6;601;35,3;1.7037246156386063 ; 0.9528214450553771 
286;UNIVERSITY OF TURKU;Finland;Europe;26;319;7,5;601;35,3;1.51487469670176 ; 1.1945420871548218 
287;UNIVERSITY OF TASMANIA;Australia;Oceania;18,6;439;93,6;86;35,2;0.20585816007616728 ; -2.338807043671045 
288;SOAS - SCHOOL OF ORIENTAL AND AFRICAN STUDIES, UNIVERSITY OF LONDON;United Kingdom;Europe;27,5;306;100;17;35,1;-0.5293006176233681 ; -2.2782797287520977 
289;UNIVERSIT€ GRENOBLE-ALPES (UGA);France;Europe;52,2;142;29,8;428;35;-0.01558280491146588 ; 0.9394108068028395 
290;UNIVERSITY OF OTTAWA;Canada;North America;26,3;317;54,3;266;35;0.4400275205569186 ; -0.6999389532216724 
291;TONGJI UNIVERSITY;China;Asia;29,6;277;27,1;453;34,9;0.874956795593304 ; 0.5051504285637096 
292;BEIJING NORMAL UNIVERSITY;China;Asia;37,8;204;12,8;601;34,8;0.9186293622150716 ; 1.4784819017068203 
293;NATIONAL YANG MING UNIVERSITY;Taiwan;Asia;14,5;501;7,5;601;34,8;2.270834809631843 ; 0.6621244056552784 
294;UNIVERSITY OF INDONESIA;Indonesia;Asia;36,1;218;5,5;601;34,8;1.0682717152792347 ; 1.5653089127054058 
295;INDIAN INSTITUTE OF TECHNOLOGY KHARAGPUR (IITKGP);India;Asia;26,5;314;1;601;34,7;1.5767328953958197 ; 1.3281508706318563 
296;SUN YAT-SEN UNIVERSITY;China;Asia;35,4;222;9,3;601;34,7;1.055686466717966 ; 1.476038350110954 
297;UNIVERSIT€ PARIS DIDEROT - PARIS 7;France;Europe;42,2;185;59,4;246;34,7;-0.3206904866409369 ; -0.3858008393166169 
298;UNIVERSITAT POMPEU FABRA;Spain;Europe;32,8;250;26,2;460;34,6;0.7667548383549128 ; 0.6369755892938046 
299;BAUMAN MOSCOW STATE TECHNICAL UNIVERSITY;Russia;Asia;19,7;417;11,7;601;34,5;1.8946009708322198 ; 0.8229494683492605 
300;UNIVERSITóT ERLANGEN-NÊRNBERG;Germany;Europe;23,3;354;26,8;455;34,5;1.233850803397437 ; 0.2727767772697451 
301;UNIVERSIT€ PARIS 1 PANTH€ON-SORBONNE;France;Europe;55,8;128;75,6;167;34,5;-1.0436389341804424 ; -0.6474381283543723 
302;HERIOT-WATT UNIVERSITY;United Kingdom;Europe;15,1;501;96,8;66;34,4;0.40504512190049213 ; -2.641764436598984 
303;LINKƒPING UNIVERSITY;Sweden;Europe;19,9;411;19,1;536;34,4;1.6861474969251677 ; 0.5003164631317594 
304;UNIVERSITY OF HAWAII AT M_ÅNOA;United States;North America;19,8;414;20,7;512;34,4;1.6384192943851215 ; 0.38953352142160735 
305;ECOLE NORMALE SUP€RIEURE DE CACHAN;France;Europe;15,4;501;35,7;383;34,3;1.5942886502614404 ; -0.5253447992763663 
306;BIRKBECK COLLEGE, UNIVERSITY OF LONDON;United Kingdom;Europe;15,4;501;98,6;48;34,2;0.3550021197700523 ; -2.728571860229489 
307;UNIVERSITóT KƒLN;Germany;Europe;36,9;213;30,4;426;34,2;0.4910085607374233 ; 0.5794418191378161 
308;NATIONAL TAIWAN NORMAL UNIVERSITY;Taiwan;Asia;26,3;316;73,4;172;34,1;0.09877491379324332 ; -1.3509499105157607 
309;DEAKIN UNIVERSITY;Australia;Oceania;28,1;299;68,7;197;34;0.11136314768923496 ; -1.1293457991581388 
310;UNIVERSIDAD POLITECNICA DE VALENCIA;Spain;Europe;24,1;339;32;410;33,7;1.0656701694405064 ; 0.07272075331323447 
311;YESHIVA UNIVERSITY;United States;North America;3,3;501;13,3;601;33,7;2.452315410748192 ; 0.40922029777239005 
312;MOSCOW INSTITUTE OF PHYSICS AND TECHNOLOGY STATE UNIVERSITY;Russia;Asia;14,1;501;40;347;33,6;1.5312037184805973 ; -0.7375239886448149 
313;UNIVERSITY AT BUFFALO SUNY;United States;North America;20,1;407;59,1;249;33,4;0.78184300052727 ; -1.1232621914459882 
314;XI'AN JIAOTONG UNIVERSITY;China;Asia;24;343;9,7;601;33,4;1.65240157411021 ; 1.061047987169178 
315;GWANGJU INSTITUTE OF SCIENCE AND TECHNOLOGY (GIST);South Korea;Asia;9,7;501;9;601;33,3;2.3881736309555093 ; 0.5632137840632638 
316;KHALIFA UNIVERSITY;United Arab Emirates;Asia;6,4;501;56,9;255;33,3;1.3480351811691917 ; -1.4302230545964538 
317;CHARLES UNIVERSITY;Czech Republic;Europe;38,2;202;47,8;299;33,2;0.060324180143750766 ; -0.10395968853188935 
318;LINCOLN UNIVERSITY;New Zealand;Oceania;7,8;501;97,6;58;33,2;0.5547414108039378 ; -2.779193492637748 
319;EWHA WOMANS UNIVERSITY;South Korea;Asia;20,7;393;43,1;326;33,1;1.0404671742473048 ; -0.5534931995172025 
320;TILBURG UNIVERSITY;Netherlands;Europe;15,1;501;52,9;272;33,1;1.2608838527641144 ; -1.2007849151153904 
321;HIROSHIMA UNIVERSITY;Japan;Asia;24,5;334;16,7;566;32,8;1.4997137420153936 ; 0.842908392938325 
322;UNIVERSITY OF TARTU;Estonia;Europe;20,4;402;20;526;32,8;1.6693499673312753 ; 0.46415872614834214 
323;INDIANA UNIVERSITY BLOOMINGTON;United States;North America;42,7;183;22,1;495;32,7;0.5440774860082391 ; 1.0661733855481899 
324;UNIVERSITY OF BRUNEI DARUSSALAM;Brunei;Asia;10;501;65,7;214;32,7;1.133340669263377 ; -1.6826163050074812 
325;UNIVERSITè DEGLI STUDI DI MILANO;Italy;Europe;45,2;171;6,2;601;32,5;0.8186357728891849 ; 1.7417242977590326 
326;NORTHEASTERN UNIVERSITY;United States;North America;18,8;434;97,4;59;32,3;0.18314064771299782 ; -2.5048488024054367 
327;UNIVERSITóT JENA;Germany;Europe;18,5;443;28,2;446;32,3;1.6130559452317126 ; -0.04863921681678451 
328;UNIVERSITY OF PORTO;Portugal;Europe;36,9;212;9,5;601;32,2;1.0672381909443982 ; 1.4896943166541752 
329;GRIFFITH UNIVERSITY;Australia;Oceania;24;341;54,4;265;32,1;0.6320322052463427 ; -0.8093998499085379 
330;"NATIONAL RESEARCH NUCLEAR UNIVERSITY MEPHI (MOSCOW ENGINEERING PHYSICS INSTITUTE)""""ATIONAL RESEARCH NUCLEAR UNIVERSITY ""MEPHI"" (""""TIONAL R""""""ATIONAL RESEARCH NUCLEAR UNIVERSITY MEPHI"" (MOSCOW ENGINEERING PHYSICS INSTITUTE)""""ATIONAL RESEAR""""TIONAL RESEARCH NUCLEAR UNIVERSITY MEPHI"" (MOSCOW ENGIN""""IONAL RESEARCH""";Russia;Asia;9,9;501;72,6;177;32,1;1.0155382472178247 ; -1.9314521521885473 
331;WESTFóLISCHE WILHELMS-UNIVERSITóT MÊNSTER;Germany;Europe;34,1;235;10,5;601;32,1;1.1786897887721413 ; 1.3871533656557569 
332;BRUNEL UNIVERSITY;United Kingdom;Europe;11,9;501;98,5;50;32;0.487968835012425 ; -2.7819006974405447 
333;MASSEY UNIVERSITY;New Zealand;Oceania;27,3;309;89,1;110;32;-0.1535917145319599 ; -1.8263280092795915 
334;QATAR UNIVERSITY;Qatar;Asia;13,9;501;99,5;34;32;0.4120399143771043 ; -2.8254507692600614 
335;UNIVERSITóT ULM;Germany;Europe;7,4;501;31,4;418;32;1.9163749554505987 ; -0.4540476093077901 
336;UNIVERSITY OF CALIFORNIA, SANTA CRUZ (UCSC);United States;North America;20,1;408;10,7;601;31,9;1.945339110011054 ; 0.8429563227262881 
337;UNIVERSITY OF JYVóSKYLó;Finland;Europe;17,2;475;7,3;601;31,9;2.2291635164675037 ; 0.7284630815456793 
338;NANKAI UNIVERSITY;China;Asia;24,1;340;8,8;601;31,7;1.699544159581227 ; 1.0706357897624321 
339;UMEÅ UNIVERSITY;Sweden;Europe;18,6;438;15,1;592;31,7;2.0037824715683037 ; 0.6487920879199611 
340;UNIVERSITóT MANNHEIM;Germany;Europe;18,5;444;33,3;401;31,7;1.5014921515209563 ; -0.2889466173123763 
341;UNIVERSITY COLLEGE CORK (UCC);Ireland;Europe;25,7;324;46,4;307;31,7;0.7191846990224499 ; -0.4778418608912313 
342;VIRGINIA POLYTECHNIC INSTITUTE (VIRGINIA TECH);United States;North America;31,4;256;22,4;491;31,7;0.9862415357131284 ; 0.7476357942092502 
343;AALBORG UNIVERSITY;Denmark;Europe;17;479;39,7;351;31,6;1.4797310891663014 ; -0.6553859713864985 
344;NATIONAL RESEARCH UNIVERSITY - HIGHER SCHOOL OF ECONOMICS (HSE);Russia;Asia;19,4;420;14,5;601;31,6;1.9614747519996947 ; 0.734773382513805 
345;GEORGE WASHINGTON UNIVERSITY;United States;North America;28,2;297;50,1;290;31,5;0.5313980712009089 ; -0.513066452476906 
346;RENSSELAER POLYTECHNIC INSTITUTE;United States;North America;11,9;501;47,7;301;31,5;1.471616134685669 ; -1.0671642619107369 
347;UNIVERSITY OF UTAH;United States;North America;16,4;501;14,1;601;31,5;2.2586521789633363 ; 0.531795747915561 
348;UNIVERSIT€ DE STRASBOURG;France;Europe;47,1;161;46,5;305;31,3;-0.14809345835489782 ; 0.11657718587999315 
349;STONY BROOK UNIVERSITY;United States;North America;22,1;373;82,4;137;31,2;0.26911625798868655 ; -1.824747494890421 
350;UNITED ARAB EMIRATES UNIVERSITY;United Arab Emirates;Asia;17,2;477;62,9;228;31,1;1.0271780581725622 ; -1.463704783417971 
351;CITY UNIVERSITY LONDON;United Kingdom;Europe;15,4;501;99,8;27;31;0.3967959913035761 ; -2.8432299652496935 
352;KOBE UNIVERSITY;Japan;Asia;26,1;318;8,9;601;30,9;1.6199601463669744 ; 1.132850801623786 
353;TOKYO MEDICAL AND DENTAL UNIVERSITY;Japan;Asia;12,5;501;14,4;601;30,9;2.346172847504122 ; 0.47414491515517143 
354;BELARUS STATE UNIVERSITY;Belarus;Asia;16,4;501;24,4;471;30,8;1.9456240808468634 ; -0.06380771085387671 
355;MOSCOW STATE INSTITUTE OF INTERNATIONAL RELATIONS _ MGIMO UNIVERSITY;Russia;Asia;10,1;501;52,1;277;30,7;1.4404292477754355 ; -1.251555271207722 
356;UNIVERSITY OF ESSEX;United Kingdom;Europe;20,3;405;99,7;30;30,7;0.04227607643664728 ; -2.570311447287784 
357;UNIVERSITY OF KENT;United Kingdom;Europe;19,1;425;88,4;112;30,7;0.38332244983868147 ; -2.1654878569115215 
358;UNIVERSITY OF LISBON;Portugal;Europe;37,7;206;33,6;399;30,7;0.4745317188719907 ; 0.4308757997582055 
359;BANDUNG INSTITUTE OF TECHNOLOGY (ITB);Indonesia;Asia;36,2;217;2,6;601;30,4;1.2188157774031605 ; 1.5844424216141448 
360;UNIVERSITY OF VICTORIA;Canada;North America;16,3;501;54,9;261;30,4;1.2746083035862639 ; -1.281252011526906 
361;UNIVERSIDADE FEDERAL DO RIO DE JANEIRO;Brazil;South America;53;137;3;601;30,3;0.6694249073174493 ; 1.9488757743091276 
362;TAIPEI MEDICAL UNIVERSITY;Taiwan;Asia;9,7;501;20;525;30,2;2.228774192033001 ; 0.09775948400833148 
363;NORWEGIAN UNIVERSITY OF SCIENCE AND TECHNOLOGY;Norway;Europe;27;311;15,6;583;30,1;1.5036039228472824 ; 0.9708588435144277 
364;OXFORD BROOKES UNIVERSITY;United Kingdom;Europe;27,8;302;79,3;152;30,1;0.04658000925777383 ; -1.509955550588346 
365;TECHNISCHE UNIVERSITóT GRAZ;Austria;Europe;11,4;501;52,1;279;30,1;1.4363091878933667 ; -1.2351678618900617 
366;TAMPERE UNIVERSITY OF TECHNOLOGY;Finland;Europe;9;501;17,6;551;30;2.317833859301701 ; 0.21189127422183335 
367;UNIVERSIDAD AUSTRAL;Argentina;South America;17,3;474;9,8;601;29,9;2.2546251085675943 ; 0.6672148951009663 
368;UNIVERSITY OF KANSAS;United States;North America;16,6;495;15,7;581;29,9;2.231540115426714 ; 0.4420043043007312 
369;JAMES COOK UNIVERSITY (JCU);Australia;Oceania;13,5;501;90;105;29,7;0.7075142923825722 ; -2.455727040543573 
370;PONTIFICIA UNIVERSIDAD CATÓLICA ARGENTINA SANTA MARêA DE LOS BUENOS AIRES (UCA);Argentina;South America;16,2;501;20,6;514;29,7;2.0948229146538058 ; 0.1264744259384869 
371;UNIVERSITY OF TROMSO;Norway;Europe;13,3;501;15,5;585;29,7;2.3258591194214957 ; 0.4037764872949601 
372;RUHR-UNIVERSITóT BOCHUM;Germany;Europe;22,8;361;33;405;29,6;1.2506068853003374 ; -0.06012556282673338 
373;TOMSK POLYTECHNIC UNIVERSITY;Russia;Asia;9,2;501;81,7;139;29,4;0.9435880824551776 ; -2.250354004355819 
374;UNIVERSITY OF CONNECTICUT;United States;North America;16,7;492;33,3;402;29,4;1.740717052028413 ; -0.43062425419277045 
375;UNIVERSITY OF ST GALLEN (HSG);Switzerland;Europe;9,9;501;94,6;82;29,3;0.6986157897425147 ; -2.6588812079700017 
376;AMERICAN UNIVERSITY OF SHARJAH;United Arab Emirates;Asia;16,8;486;100;4;29,2;0.3363707003269005 ; -2.8839254614737664 
377;BOSTON COLLEGE;United States;North America;23,4;352;20,7;510;29,2;1.535597630798192 ; 0.5137541389882507 
378;UNIVERSITY OF OULU;Finland;Europe;16,1;501;9,5;601;29,2;2.3781128400804437 ; 0.594425463011164 
379;UNIVERSITY OF SOUTHERN DENMARK;Denmark;Europe;18,2;452;36,2;378;29,2;1.5307598380602327 ; -0.45623600909586126 
380;MAHIDOL UNIVERSITY;Thailand;Asia;35,1;226;5,5;601;29,1;1.271710037094593 ; 1.4860157596165162 
381;ASTON UNIVERSITY;United Kingdom;Europe;11,1;501;70,9;186;29;1.1141677660084215 ; -1.8849937218981867 
382;INDIAN INSTITUTE OF TECHNOLOGY ROORKEE (IITR);India;Asia;13,5;501;2,6;601;29;2.50585327933354 ; 0.6912064017566361 
383;UNIVERSITY OF THE WITWATERSRAND;South Africa;Africa;25,1;328;12,7;601;29;1.6813307950977727 ; 1.0112817231745528 
384;UNIVERSIDAD DE BELGRANO;Argentina;South America;8,9;501;71,3;183;28,8;1.1520074220526966 ; -1.9297687058736488 
385;UNIVERSITY OF CALIFORNIA, RIVERSIDE (UCR);United States;North America;18,2;450;10;601;28,8;2.197504958368018 ; 0.7160176240346995 
386;UNIVERSITY OF THE PHILIPPINES;Philippines;Asia;30,9;260;1,5;601;28,8;1.4998409370868797 ; 1.435336961285166 
387;HUFS _ HANKUK (KOREA) UNIVERSITY OF FOREIGN STUDIES;South Korea;Asia;12,6;501;40,8;342;28,7;1.681298628794111 ; -0.8288780462992953 
388;POLITECNICO DI TORINO;Italy;Europe;29,4;278;32,2;409;28,7;0.9275497963796361 ; 0.21621327949029961 
389;SWINBURNE UNIVERSITY OF TECHNOLOGY;Australia;Oceania;12,6;501;87,6;116;28,7;0.797175307619404 ; -2.3967053633412605 
390;WAKE FOREST UNIVERSITY;United States;North America;6,5;501;19,7;531;28,7;2.3452460904508285 ; 0.07012418094608423 
391;UNIVERSITAS GADJAH MADA;Indonesia;Asia;37,4;210;2,6;601;28,6;1.2269642285268259 ; 1.597990507729291 
392;UNIVERSITY OF LIEGE;Belgium;Europe;17,7;463;61,8;231;28,6;1.065010076800766 ; -1.419885007844073 
393;WASHINGTON STATE UNIVERSITY;United States;North America;28,5;294;12;601;28,6;1.5378356741663046 ; 1.1345580620898699 
394;L.N. GUMILYOV EURASIAN NATIONAL UNIVERSITY;Kazakhstan;Asia;13,2;501;5;601;28,5;2.500315365432027 ; 0.6381002770587002 
395;UNIVERSITY OF WARSAW;Poland;Europe;36,8;214;13,4;601;28,5;1.138487011383358 ; 1.3783429571234527 
396;GOLDSMITHS, UNIVERSITY OF LONDON;United Kingdom;Europe;21,2;385;95,8;76;28,3;0.15610926016582388 ; -2.324392508959794 
397;CHUNG-ANG UNIVERSITY;South Korea;Asia;13,3;501;30,6;423;28,2;1.9296202414506287 ; -0.38652730029059984 
398;LA TROBE UNIVERSITY;Australia;Oceania;18,5;442;95,3;78;28,2;0.38295689470712213 ; -2.4643485425143394 
399;PAKISTAN INSTITUTE OF ENGINEERING AND APPLIED SCIENCES (PIEAS);Pakistan;Asia;5,8;501;1,1;601;28,2;2.6898732728879575 ; 0.6200954372309296 
400;UNIVERSITóT KONSTANZ;Germany;Europe;23,1;357;31,1;421;28,2;1.3207265200622753 ; 0.024157960709142303 
401;UNIVERSITY OF COLORADO AT DENVER;United States;North America;8,3;501;13;601;28,2;2.516829800662235 ; 0.42637398651074904 
402;LAVAL UNIVERSITY;Canada;North America;21,4;384;29,5;434;28,1;1.472803777748738 ; 0.014676451358643577 
403;NATIONAL SUN YAT-SEN UNIVERSITY;Taiwan;Asia;23,4;350;8,6;601;28,1;1.8456962224322822 ; 1.0128879029440676 
404;PETER THE GREAT ST.PETERSBURG POLYTECHNIC UNIVERSITY;Russia;Asia;9,9;501;69,9;192;28;1.1860827732226622 ; -1.8711064899943046 
405;STELLENBOSCH UNIVERSITY;South Africa;Africa;25,6;325;13,2;601;27,9;1.6891158697156572 ; 1.0046273137424342 
406;UNIVERSIDADE NOVA DE LISBOA;Portugal;Europe;27,7;304;35;388;27,9;0.9914843268170331 ; 0.016484201468450962 
407;BEN GURION UNIVERSITY OF THE NEGEV;Israel;Asia;16,8;488;26,5;457;27,7;1.942108091370207 ; -0.1405224429826578 
408;JOHANNES GUTENBERG UNIVERSITóT MAINZ;Germany;Europe;20,3;403;23,2;483;27,7;1.7106982733506813 ; 0.22485767862071931 
409;UNIVERSIDAD EXTERNADO DE COLOMBIA;Colombia;South America;9,3;501;1,6;601;27,7;2.6326178267439797 ; 0.6482364263365096 
410;UNIVERSITY OF COIMBRA;Portugal;Europe;29,3;280;53;271;27,7;0.5058878986187066 ; -0.6092387117214194 
411;JAGIELLONIAN UNIVERSITY;Poland;Europe;30,7;264;10,4;601;27,6;1.4550561125957309 ; 1.246516089355468 
412;TULANE UNIVERSITY;United States;North America;10,6;501;23,1;486;27,5;2.188298578350854 ; -0.09223636914168445 
413;UNIVERSIDAD DE ZARAGOZA;Spain;Europe;22,2;372;6,7;601;27,5;1.968856510208714 ; 0.9817730572192035 
414;URAL FEDERAL UNIVERSITY;Russia;Asia;14,7;501;25,7;463;27,5;2.0437137633756963 ; -0.1620118168765025 
415;HUAZHONG UNIVERSITY OF SCIENCE AND TECHNOLOGY;China;Asia;19,8;415;7,9;601;27,4;2.128272069223179 ; 0.837384739684352 
416;NATIONAL CENTRAL UNIVERSITY;Taiwan;Asia;22,2;369;21,5;503;27,4;1.6377424772950273 ; 0.41073504591883375 
417;NATIONAL UNIVERSITY OF SCIENCES AND TECHNOLOGY (NUST) ISLAMABAD;Pakistan;Asia;15,9;501;4;601;27,3;2.4938660332633154 ; 0.6786901225139956 
418;UNIVERSITY OF STIRLING;United Kingdom;Europe;11,1;501;57,3;254;27,3;1.423260815124358 ; -1.4372664259951513 
419;UNIVERSITY OF TENNESSEE;United States;North America;13,2;501;5;601;27,2;2.537145941786008 ; 0.6266607053589498 
420;AMERICAN UNIVERSITY IN CAIRO;Egypt;Africa;22,2;371;4,9;601;27,1;1.9963363508470926 ; 1.014230879324459 
421;UNIVERSIDAD DE PALERMO;Argentina;South America;9,5;501;95,9;74;27,1;0.7409766477351749 ; -2.7318283126370417 
422;DUBLIN CITY UNIVERSITY (DCU);Ireland;Europe;14,7;501;53,8;269;27;1.4265794061247334 ; -1.2853075296595677 
423;SHANGHAI UNIVERSITY;China;Asia;25,9;322;4,5;601;27;1.7922741413536143 ; 1.170263788089366 
424;UNIVERSITè DI PISA;Italy;Europe;39;195;5,8;601;27;1.1650038191848175 ; 1.575095322232368 
425;UNIVERSIT€ DE MONTPELLIER;France;Europe;22,2;370;43,1;327;27;1.1203846664084884 ; -0.5368391095041812 
426;ILLINOIS INSTITUTE OF TECHNOLOGY;United States;North America;18;456;100;14;26,9;0.3096311609837025 ; -2.7950146961497544 
427;UNIVERSITè DEGLI STUDI DI TRENTO;Italy;Europe;24,4;337;9,1;601;26,9;1.8180482272280103 ; 1.0327853746012814 
428;UNIVERSITY OF TEXAS DALLAS;United States;North America;15,9;501;75,7;165;26,9;0.9960392725201734 ; -2.0001230390400218 
429;BRANDEIS UNIVERSITY;United States;North America;12,1;501;82,8;135;26,8;0.9439311712346888 ; -2.2713394499350192 
430;CHANG GUNG UNIVERSITY;Taiwan;Asia;4,1;501;9,5;601;26,8;2.6728568951787612 ; 0.42951520359480416 
431;THE UNIVERSITY OF GEORGIA;United States;North America;24,7;333;11,9;601;26,7;1.7769174601545341 ; 0.9905663397969596 
432;ABERYSTWYTH UNIVERSITY;United Kingdom;Europe;10,7;501;48,3;297;26,5;1.6227126433364338 ; -1.1489992936627242 
433;DONGGUK UNIVERSITY;South Korea;Asia;10,1;501;35,6;384;26,5;1.91819967605362 ; -0.6525653729589748 
434;SHARIF UNIVERSITY OF TECHNOLOGY;Iran;Asia;11,3;501;1,9;601;26,5;2.625652226587133 ; 0.6560030575643774 
435;BANGOR UNIVERSITY;United Kingdom;Europe;8,3;501;67,1;206;26,4;1.3153668124982425 ; -1.8090990690272357 
436;SOGANG UNIVERSITY;South Korea;Asia;18,9;429;15,4;586;26,4;2.1088240496752606 ; 0.6011366264910594 
437;SWANSEA UNIVERSITY;United Kingdom;Europe;12,2;501;65,4;216;26,4;1.2768738663210193 ; -1.6999637498516578 
438;UNIVERSITY OF IOWA;United States;North America;22,7;364;20,4;517;26,4;1.67796552406611 ; 0.48195199167519376 
439;KAZAN FEDERAL UNIVERSITY;Russia;Asia;17,2;478;39;355;26,2;1.640350299452599 ; -0.6730263989217729 
440;UNIVERSITY OF DELAWARE;United States;North America;12,8;501;24,9;469;26,2;2.1352408137489562 ; -0.16291159015600523 
441;WAYNE STATE UNIVERSITY;United States;North America;10,5;501;20,5;516;26,2;2.306190882816324 ; 0.03534432450485346 
442;UNIVERSITI TEKNOLOGI BRUNEI;Brunei;Asia;6,8;501;20;527;26,1;2.403175576898105 ; 0.03302117889846892 
443;BOND UNIVERSITY;Australia;Oceania;3;501;97,7;56;26;0.8449229190403219 ; -2.908037034822547 
444;TIANJIN UNIVERSITY;China;Asia;17,2;476;5,5;601;26;2.41822868830428 ; 0.708234604812858 
445;UNIVERSITY OF MACAU;Macau;Asia;10,9;501;96,7;67;26;0.7251695369575807 ; -2.7610839663431404 
446;NATIONAL TECHNICAL UNIVERSITY OF ATHENS;Greece;Europe;19,4;421;4,7;601;25,9;2.2294478440343557 ; 0.8666765504742652 
447;RUDN UNIVERSITY;Russia;Asia;10,1;501;90,3;104;25,9;0.8745241085074819 ; -2.5385904492098033 
448;KING KHALID UNIVERSITY;Saudi Arabia;Asia;6,2;501;23,9;473;25,8;2.288748505354936 ; -0.21454037636232545 
449;KO‰ UNIVERSITY;Turkey;Asia;16,3;501;6,7;601;25,8;2.5002607673871466 ; 0.6195331993880925 
450;COLORADO STATE UNIVERSITY;United States;North America;18,8;432;10;601;25,7;2.222121302044353 ; 0.7345211957706385 
451;OREGON STATE UNIVERSITY;United States;North America;17,5;471;25,4;466;25,7;1.9636869680849798 ; -0.06520460468975903 
452;SULTAN QABOOS UNIVERSITY;Oman;Asia;9,5;501;4,8;601;25,7;2.6516714344032923 ; 0.5728849185277948 
453;CHRISTIAN-ALBRECHTS-UNIVERSITóT ZU KIEL;Germany;Europe;17,6;467;12,3;601;25,6;2.3241783511611116 ; 0.6009883165530918 
454;UNIVERSIT€ AIX-MARSEILLE;France;Europe;34,7;230;29,3;438;25,6;0.8575219595454545 ; 0.49816921499464173 
455;UNIVERSITY OF MARYLAND, BALTIMORE COUNTY;United States;North America;11,4;501;13,7;601;25,6;2.5245138516985914 ; 0.42748333971717156 
456;BILKENT UNIVERSITY;Turkey;Asia;20,5;395;15,8;575;25,5;1.9829265914218739 ; 0.6442741990888086 
457;HITOTSUBASHI UNIVERSITY;Japan;Asia;21,5;382;26,8;456;25,5;1.6052582081060154 ; 0.11502245655888843 
458;JOHANNES KEPLER UNIVERSITóT LINZ (JKU);Austria;Europe;11;501;21,5;502;25,5;2.2818831573684157 ; -0.026249550079882524 
459;THE CATHOLIC UNIVERSITY OF KOREA;South Korea;Asia;4,9;501;4,1;601;25,5;2.751658421704189 ; 0.5291626065486532 
460;YOKOHAMA CITY UNIVERSITY;Japan;Asia;6,3;501;2,6;601;25,4;2.743895131565299 ; 0.573252957744158 
461;CLARK UNIVERSITY;United States;North America;5;501;79,5;149;25,3;1.1795946658373 ; -2.2649580613095903 
462;UNIVERSITóT DES SAARLANDES;Germany;Europe;10,4;501;63,9;224;25,3;1.3716910404763223 ; -1.6786579577190934 
463;UNIVERSITY OF SASKATCHEWAN;Canada;North America;10,7;501;56,5;256;25,3;1.4993846646540572 ; -1.438531783140145 
464;AUCKLAND UNIVERSITY OF TECHNOLOGY;New Zealand;Oceania;17,5;469;99,9;23;25,2;0.42126874820305077 ; -2.814554188694945 
465;BEIJING INSTITUTE OF TECHNOLOGY;China;Asia;21,2;386;8,1;601;25,2;2.078459216802627 ; 0.8932194019751625 
466;CHIBA UNIVERSITY;Japan;Asia;13;501;6,3;601;25,2;2.5838442179200793 ; 0.5822294438101712 
467;CONCORDIA UNIVERSITY;Canada;North America;14,4;501;87,8;115;25,2;0.858484974211489 ; -2.412739769409734 
468;KAZAKH NATIONAL TECHNICAL UNIVERSITY AFTER K.I.SATPAYEV;Kazakhstan;Asia;11,9;501;2,1;601;25,2;2.6490309916279493 ; 0.6479937456062118 
469;UNIVERSIDADE FEDERAL DE S’O PAULO (UNIFESP);Brazil;South America;12,4;501;2;601;25,2;2.6406402876241084 ; 0.6558646857437203 
470;UNIVERSIDAD POLIT€CNICA DE MADRID;Spain;Europe;28,7;291;32,6;407;25,1;1.072558586771739 ; 0.13466550018448853 
471;UNIVERSITY OF SZEGED;Hungary;Europe;16,8;489;57,4;253;25,1;1.3405216382509524 ; -1.3675208574255213 
472;FLORIDA STATE UNIVERSITY;United States;North America;25,8;323;6,5;601;25;1.8325644330469066 ; 1.1117292051765852 
473;INDIAN INSTITUTE OF TECHNOLOGY GUWAHATI (IITG);India;Asia;13;501;1,6;601;25;2.639197781030482 ; 0.6688128896715733 
474;UNIVERSITè DEGLI STUDI DI NAPOLI FEDERICO II;Italy;Europe;28,9;286;;;25;1.4717820721800707 ; 0.8804706969649825 
475;JILIN UNIVERSITY;China;Asia;18;458;3,3;601;24,8;2.408494470409854 ; 0.787206288484632 
476;"NATIONAL UNIVERSITY OF SCIENCE AND TECHNOLOGY MISIS""ATIONA""""""ATIONAL U""";Russia;Asia;8,9;501;54,9;262;24,7;1.5776477062851624 ; -1.4170363572332587 
477;XIAMEN UNIVERSITY;China;Asia;24;342;5;601;24,7;1.9456886131462494 ; 1.0749782888940864 
478;FLINDERS UNIVERSITY;Australia;Oceania;13,7;501;74,8;169;24,6;1.1191777378618728 ; -2.01762746060572 
479;INSTITUT NATIONAL DES SCIENCES APPLIQU€ES DE LYON (INSA);France;Europe;9,5;501;86,1;123;24,6;0.9998277585787873 ; -2.42042087052556 
480;M.O.AUEZOV SOUTH KAZAKHSTAN STATE UNIVERSITY;Kazakhstan;Asia;8;501;12,6;601;24,5;2.6315527239665344 ; 0.3977390147953202 
481;KAZAKH NATIONAL PEDAGOGICAL UNIVERSITY ABAI;Kazakhstan;Asia;7,4;501;16,8;564;24,4;2.537576356584689 ; 0.19806216145085023 
482;UCSI UNIVERSITY;Malaysia;Asia;6,5;501;75,4;168;24,4;1.2528275534840763 ; -2.11998482702057 
483;UNIVERSIDAD DE ALCALç;Spain;Europe;13,4;501;80,9;143;24,4;1.021230767445526 ; -2.2168086226907584 
484;UNIVERSITY OF EASTERN FINLAND;Finland;Europe;15,4;501;10,4;601;24,4;2.5178151006119327 ; 0.5268824157293238 
485;V.N. KARAZIN KHARKIV NATIONAL UNIVERSITY;Ukraine;Europe;12,5;501;79,4;151;24,4;1.0678774218948683 ; -2.1750388642067593 
486;YORK UNIVERSITY;Canada;North America;21,5;383;70,8;188;24,4;0.7124222400926957 ; -1.5398852602287962 
487;UNIVERSITY OF DELHI;India;Asia;34;236;2;601;24,2;1.4971378232493173 ; 1.4740635967108222 
488;VILNIUS UNIVERSITY;Lithuania;Europe;16,9;485;6;601;24,1;2.498377314697444 ; 0.6592257236762569 
489;IOWA STATE UNIVERSITY;United States;North America;20,8;392;21,9;499;24;1.8156846653982657 ; 0.2950289871983084 
490;UNIVERSIT€ DE BORDEAUX;France;Europe;33,6;239;34,4;391;24;0.8146836614635499 ; 0.21263900631185612 
491;BEIHANG UNIVERSITY;China;Asia;16,1;501;7;601;23,9;2.5546976926024545 ; 0.5947783687163442 
492;"UNIVERSIDADE ESTADUAL PAULISTA J÷LIO DE MESQUITA FILHO""NIVERSIDADE ESTADUAL PAU""""""NIVERSIDADE ESTADUAL PAULIS""";Brazil;South America;28,8;289;5,1;601;23,9;1.7238597049891051 ; 1.2372102643872054 
493;UNIVERSITè CATTOLICA DEL SACRO CUORE;Italy;Europe;23,2;356;24,1;472;23,9;1.5996471526563392 ; 0.276528059213737 
494;UNIVERSITY OF NEW MEXICO;United States;North America;15,6;501;6,2;601;23,8;2.575436111169606 ; 0.6029442789658918 
495;UNIVERSIDAD DE GRANADA;Spain;Europe;34,9;229;23,7;476;23,7;1.029360556022237 ; 0.7069577209882707 
496;UNIVERSITóT HOHENHEIM;Germany;Europe;8,2;501;31,5;417;23,7;2.1336273815360665 ; -0.5224233750880133 
497;UNIVERSITY OF OKLAHOMA;United States;North America;10,7;501;10,6;601;23,7;2.6243426771050635 ; 0.4606451922891269 
498;AMIRKABIR UNIVERSITY OF TECHNOLOGY;Iran;Asia;4,9;501;2,5;601;23,6;2.8224025581489376 ; 0.5425175746430666 
499;WESTERN SYDNEY UNIVERSITY;Australia;Oceania;15,9;501;47,8;300;23,6;1.6170696370974487 ; -1.0936758794424486 
500;SINGAPORE MANAGEMENT UNIVERSITY;Singapore;Asia;12,7;501;69,4;193;23,5;1.2676738328247958 ; -1.864710606537296 